"No.","Time","Source","Destination","Protocol","Length","Info"
"7","0.613708401","192.168.56.102","192.168.56.101","SSH","102","Client: Encrypted packet (len=36)"
"10","0.894584817","192.168.56.102","192.168.56.101","SSH","102","Client: Encrypted packet (len=36)"
"13","1.123846835","192.168.56.102","192.168.56.101","SSH","102","Client: Encrypted packet (len=36)"
"16","1.520018404","192.168.56.102","192.168.56.101","SSH","102","Client: Encrypted packet (len=36)"
"19","2.933556244","192.168.56.102","192.168.56.101","SSH","102","Client: Encrypted packet (len=36)"
"27","9.963719877","192.168.56.102","192.168.56.101","SSH","102","Client: Encrypted packet (len=36)"
"30","10.384535118","192.168.56.102","192.168.56.101","SSH","102","Client: Encrypted packet (len=36)"
"33","10.530841095","192.168.56.102","192.168.56.101","SSH","102","Client: Encrypted packet (len=36)"
"36","10.846842744","192.168.56.102","192.168.56.101","SSH","102","Client: Encrypted packet (len=36)"
"39","12.019259286","192.168.56.102","192.168.56.101","SSH","102","Client: Encrypted packet (len=36)"
"47","16.559112235","192.168.56.102","192.168.56.101","SSH","102","Client: Encrypted packet (len=36)"
"50","16.911711797","192.168.56.102","192.168.56.101","SSH","102","Client: Encrypted packet (len=36)"
"53","17.080040465","192.168.56.102","192.168.56.101","SSH","102","Client: Encrypted packet (len=36)"
"56","17.683492690","192.168.56.102","192.168.56.101","SSH","102","Client: Encrypted packet (len=36)"
"60","19.946748997","192.168.56.102","192.168.56.101","SSH","102","Client: Encrypted packet (len=36)"
"67","24.656728896","192.168.56.102","192.168.56.101","SSH","102","Client: Encrypted packet (len=36)"
"70","24.964643423","192.168.56.102","192.168.56.101","SSH","102","Client: Encrypted packet (len=36)"
"73","25.128251917","192.168.56.102","192.168.56.101","SSH","102","Client: Encrypted packet (len=36)"
"76","25.532486106","192.168.56.102","192.168.56.101","SSH","102","Client: Encrypted packet (len=36)"
"79","26.326216131","192.168.56.102","192.168.56.101","SSH","102","Client: Encrypted packet (len=36)"
"92","29.924903585","192.168.56.102","192.168.56.101","SSH","102","Client: Encrypted packet (len=36)"
"101","30.173910277","192.168.56.102","192.168.56.101","SSH","102","Client: Encrypted packet (len=36)"
"104","30.311935285","192.168.56.102","192.168.56.101","SSH","102","Client: Encrypted packet (len=36)"
"107","30.605422042","192.168.56.102","192.168.56.101","SSH","102","Client: Encrypted packet (len=36)"
"110","31.428068749","192.168.56.102","192.168.56.101","SSH","102","Client: Encrypted packet (len=36)"
"123","34.238347384","192.168.56.102","192.168.56.101","SSH","102","Client: Encrypted packet (len=36)"
"126","34.524174315","192.168.56.102","192.168.56.101","SSH","102","Client: Encrypted packet (len=36)"
"129","34.673555765","192.168.56.102","192.168.56.101","SSH","102","Client: Encrypted packet (len=36)"
"132","35.629133423","192.168.56.102","192.168.56.101","SSH","102","Client: Encrypted packet (len=36)"
"135","36.318538821","192.168.56.102","192.168.56.101","SSH","102","Client: Encrypted packet (len=36)"
"138","39.151413106","192.168.56.102","192.168.56.101","SSH","102","Client: Encrypted packet (len=36)"
"141","39.439402655","192.168.56.102","192.168.56.101","SSH","102","Client: Encrypted packet (len=36)"
"144","39.586343510","192.168.56.102","192.168.56.101","SSH","102","Client: Encrypted packet (len=36)"
"147","39.989241110","192.168.56.102","192.168.56.101","SSH","102","Client: Encrypted packet (len=36)"
"150","40.694224356","192.168.56.102","192.168.56.101","SSH","102","Client: Encrypted packet (len=36)"
"153","45.146135462","192.168.56.102","192.168.56.101","SSH","102","Client: Encrypted packet (len=36)"
"156","45.393099309","192.168.56.102","192.168.56.101","SSH","102","Client: Encrypted packet (len=36)"
"159","45.626306997","192.168.56.102","192.168.56.101","SSH","102","Client: Encrypted packet (len=36)"
"162","45.921893358","192.168.56.102","192.168.56.101","SSH","102","Client: Encrypted packet (len=36)"
"165","46.643329762","192.168.56.102","192.168.56.101","SSH","102","Client: Encrypted packet (len=36)"
"170","49.602798547","192.168.56.102","192.168.56.101","SSH","102","Client: Encrypted packet (len=36)"
"173","49.894291605","192.168.56.102","192.168.56.101","SSH","102","Client: Encrypted packet (len=36)"
"176","50.035600765","192.168.56.102","192.168.56.101","SSH","102","Client: Encrypted packet (len=36)"
"179","50.598635661","192.168.56.102","192.168.56.101","SSH","102","Client: Encrypted packet (len=36)"
"182","51.330499385","192.168.56.102","192.168.56.101","SSH","102","Client: Encrypted packet (len=36)"
"185","54.365609415","192.168.56.102","192.168.56.101","SSH","102","Client: Encrypted packet (len=36)"
"188","54.640946136","192.168.56.102","192.168.56.101","SSH","102","Client: Encrypted packet (len=36)"
"191","54.763589128","192.168.56.102","192.168.56.101","SSH","102","Client: Encrypted packet (len=36)"
"194","55.035201532","192.168.56.102","192.168.56.101","SSH","102","Client: Encrypted packet (len=36)"
"197","57.028109131","192.168.56.102","192.168.56.101","SSH","102","Client: Encrypted packet (len=36)"
